{"XzNW/AkBA6beAG/kLwgQzg==":"dalibed_-20240803-0002%5B1%5D-223x223.jpg","W+VxFlyXoqfakEW2FKYL1A==":"dalibed_-20240803-0002%5B1%5D-1080x1080.jpg","/urtuuhitgJtdV5iRpUWXg==":"dalibed_-20240803-0001%5B1%5D-733x837.jpg","NUZnkYRqce5tzvamJEr2Pg==":"dalibed_-20240803-0012%5B1%5D-1080x1080.jpg","Hpio9s0X5V5hRUvpNMYd3Q==":"dalibed_-20240803-8-1080x1080.jpg","NSEmlf02e3ZsA3pWfMmAaQ==":"dalibed_-20240803-10-1080x1080.jpg","/CuoDB1HqZ/yz8W8WK41qA==":"dalibed_-20240803-6-1080x1080.jpg","zG1eSn2cvUOCRqAuOZFZCg==":"dalibed_-20240803-5-1080x1350.jpg","Ewhn5v41po92a54z5nUTsA==":"dalibed_-20240803-7-702x702.jpg","/jtoHAks8v/BSdJVsuMc3Q==":"dalibed_-20240803-9-702x702.jpg","slgcR562WvmvY75xnHvknA==":"dalibed_-20240803-4-702x702.jpg","8Tydz0f7v2HyUlkdrU1t6w==":"dalibed_-20240803-6-702x702.jpg","zw9fecnDY/14VddDIfdLvQ==":"dalibed_-20240803-7-1080x1080.jpg","sID63s5uIE5xNOI2av2VLg==":"dalibed_-20240803-5-702x878.jpg","K26FPCfcwtXz8KpWz0T3rA==":"dalibed_-20240803-3-600x685.jpg","nGlo6ZrATAZ7R7qCs4e+yw==":"dalibed_-20240803-4-600x600.jpg","QoyqJnZxx+syW5rcT9gmdQ==":"dalibed_-20240803-5-600x750.jpg","XubgHS/tkRYjpmkQv10AWA==":"dalibed_-20240803-6-600x600.jpg","+dNXZNX3nvwOAPrs3xrFFA==":"dalibed_-20240803-7-600x600.jpg","YaBa4NsF/DTYjpXkc5VPmg==":"dalibed_-20240803-8-600x600.jpg","DRrVifI0Vqjn9DXFE7C3ig==":"dalibed_-20240803-9-600x600.jpg","YiCIFgetyGhemFBWB+9ovg==":"dalibed_-20240803-10-600x600.jpg","VIdJM3X+Eo/sG5tLkF1+lA==":"dalibed_-20240803-11-600x600.jpg","ukk14QC0uOpEdFbSdjKdVA==":"dalibed_-20240803-12-600x600.jpg","qKOoerJNjDa0xW2Fy3gqag==":"dalibed_-20240803-3-510x582.jpg","TLrprBLf5ThdCdNacQljzQ==":"dalibed_-20240803-4-510x510.jpg","c46hxRDPwM0wV5LBt92L7Q==":"dalibed_-20240803-5-510x638.jpg","NrT9GPHkyvbTfcyBUo8jGw==":"dalibed_-20240803-7-510x510.jpg","8T7KfVoEuyLfFQjK0GiUxA==":"dalibed_-20240803-6-510x510.jpg","oixSGex1AKw9AoWsIHd2tQ==":"dalibed_-20240803-8-510x510.jpg","DKNGDlcUtyHQanaSo4dFFw==":"dalibed_-20240803-9-510x510.jpg","pmuGRwIFgLUZSm/mgVQaMA==":"dalibed_-20240803-10-510x510.jpg"}